{
  "avg_mse": 0.38127220511946375,
  "avg_mae": 0.4079239417326668,
  "24_mse": 0.31505577724713546,
  "24_mae": 0.3651582293021373,
  "48_mse": 0.34210289112831416,
  "48_mae": 0.38413793005441366,
  "168_mse": 0.4010437006080473,
  "168_mae": 0.4153244745086979,
  "336_mse": 0.4216286653981489,
  "336_mae": 0.4277173894293168,
  "720_mse": 0.426529991215673,
  "720_mae": 0.4472816853687681,
  "config": {
    "enable_supervised_finetuning": true,
    "first_k_layers": 6,
    "patch_len": 12,
    "stride": 12,
    "seq_len": 512,
    "ft_mode": "lp",
    "dropout": 0,
    "token_embed_type": "conv",
    "token_embed_kernel_size": 3,
    "temporal_embed_type": "learned",
    "freq": "t",
    "peft_method": "lora",
    "sft_optim": "AdamW",
    "sft_learning_rate": 0.001067795624664354,
    "sft_lradj": "constant",
    "sft_weight_decay": 0.0095510333777999,
    "sft_train_epochs": 5,
    "dft_optim": "AdamW",
    "dft_learning_rate": 0.0011039568093674122,
    "dft_lradj": "warmup",
    "dft_weight_decay": 0.0012836785599665656,
    "dft_train_epochs": 10,
    "peft_params_r": 32,
    "peft_params_lora_alpha": 16,
    "peft_params_lora_dropout": 0
  }
}