{
  "avg_mse": 0.5253690779324471,
  "avg_mae": 0.4933016270103202,
  "96_mse": 0.4175363998664053,
  "96_mae": 0.4325748729078393,
  "192_mse": 0.46993525326251984,
  "192_mae": 0.46875807642936707,
  "336_mse": 0.5052978624315823,
  "336_mae": 0.4994736629373887,
  "720_mse": 0.708706796169281,
  "720_mae": 0.5723998957666857,
  "config": {
    "enable_supervised_finetuning": true,
    "first_k_layers": 6,
    "patch_len": 16,
    "stride": 8,
    "seq_len": 512,
    "ft_mode": "lp_ft",
    "dropout": 0.1,
    "token_embed_type": "conv",
    "token_embed_kernel_size": 7,
    "temporal_embed_type": "learned",
    "freq": "t",
    "peft_method": "adalora",
    "sft_optim": "AdamW",
    "sft_learning_rate": 0.0014838277734676884,
    "sft_lradj": "constant",
    "sft_weight_decay": 0.0013331487231159165,
    "sft_train_epochs": 10,
    "dft_optim": "AdamW",
    "dft_learning_rate": 9.776360476482794e-05,
    "dft_lradj": "constant",
    "dft_weight_decay": 2.8696003883523563e-05,
    "dft_train_epochs": 10,
    "peft_params_r": 16,
    "peft_params_lora_alpha": 32,
    "peft_params_lora_dropout": 0.1
  }
}