{
  "avg_mse": 0.3668148093975354,
  "avg_mae": 0.40734422475099386,
  "96_mse": 0.28289095775567386,
  "96_mae": 0.3512332376680876,
  "192_mse": 0.3643847509813147,
  "192_mae": 0.4003806918048534,
  "336_mse": 0.3740609099003051,
  "336_mae": 0.4160220239231055,
  "720_mse": 0.4459226189528481,
  "720_mae": 0.4617409456079289,
  "config": {
    "enable_supervised_finetuning": true,
    "first_k_layers": 6,
    "patch_len": 16,
    "stride": 8,
    "seq_len": 512,
    "ft_mode": "lp_ft",
    "dropout": 0.2,
    "token_embed_type": "conv",
    "token_embed_kernel_size": 3,
    "temporal_embed_type": "learned",
    "freq": "h",
    "peft_method": "lora",
    "sft_optim": "AdamW",
    "sft_learning_rate": 1.761386023445074e-05,
    "sft_lradj": "type1",
    "sft_weight_decay": 0.0014878023301189934,
    "sft_train_epochs": 5,
    "dft_optim": "AdamW",
    "dft_learning_rate": 2.5915355196803626e-05,
    "dft_lradj": "constant",
    "dft_weight_decay": 7.12744911069106e-05,
    "dft_train_epochs": 15,
    "peft_params_r": 16,
    "peft_params_lora_alpha": 16,
    "peft_params_lora_dropout": 0.01
  }
}