{
  "avg_mse": 0.2765491245946339,
  "avg_mae": 0.32448810714084464,
  "96_mse": 0.18423963612757432,
  "96_mae": 0.26550369685850084,
  "192_mse": 0.2405183758320553,
  "192_mae": 0.30138234039405726,
  "336_mse": 0.2949767461732814,
  "336_mae": 0.3376855989427943,
  "720_mse": 0.38646174024562446,
  "720_mae": 0.39338079236802603,
  "config": {
    "enable_supervised_finetuning": true,
    "first_k_layers": 6,
    "patch_len": 16,
    "stride": 8,
    "seq_len": 512,
    "ft_mode": "lp_ft",
    "dropout": 0.15,
    "token_embed_type": "conv",
    "token_embed_kernel_size": 5,
    "temporal_embed_type": "learned",
    "freq": "t",
    "peft_method": "lora",
    "sft_optim": "AdamW",
    "sft_learning_rate": 8.009961304276983e-05,
    "sft_lradj": "type1",
    "sft_weight_decay": 0.0007526261836224936,
    "sft_train_epochs": 3,
    "dft_optim": "AdamW",
    "dft_learning_rate": 0.00016236413919079034,
    "dft_lradj": "warmup",
    "dft_weight_decay": 0.00017136935532693613,
    "dft_train_epochs": 15,
    "peft_params_r": 8,
    "peft_params_lora_alpha": 64,
    "peft_params_lora_dropout": 0.1
  }
}