{
  "avg_mse": 0.4082063059743731,
  "avg_mae": 0.4132635266439843,
  "96_mse": 0.3605705441859288,
  "96_mae": 0.3883078470826149,
  "192_mse": 0.3862779987613102,
  "192_mae": 0.40188549275135066,
  "336_mse": 0.415191201591178,
  "336_mae": 0.4178434151567911,
  "720_mse": 0.47078547935907533,
  "720_mae": 0.4450173515851806,
  "config": {
    "enable_supervised_finetuning": true,
    "first_k_layers": 6,
    "patch_len": 16,
    "stride": 8,
    "seq_len": 336,
    "ft_mode": "lp_ft",
    "dropout": 0.05,
    "token_embed_type": "conv",
    "token_embed_kernel_size": 5,
    "temporal_embed_type": "learned",
    "freq": "h",
    "peft_method": "adalora",
    "sft_optim": "AdamW",
    "sft_learning_rate": 0.00396907444116491,
    "sft_lradj": "constant",
    "sft_weight_decay": 0.008463485336373476,
    "sft_train_epochs": 5,
    "dft_optim": "AdamW",
    "dft_learning_rate": 5.910555052997684e-05,
    "dft_lradj": "type1",
    "dft_weight_decay": 0.0020646620154687358,
    "dft_train_epochs": 15,
    "peft_params_r": 16,
    "peft_params_lora_alpha": 32,
    "peft_params_lora_dropout": 0.1
  }
}