{
  "avg_mse": 0.4323859544502553,
  "avg_mae": 0.30291283019966153,
  "96_mse": 0.40288596942611077,
  "96_mae": 0.28837625268720973,
  "192_mse": 0.41671515921168134,
  "192_mae": 0.29422074904329115,
  "336_mse": 0.42980134337638387,
  "336_mae": 0.3022993756970722,
  "720_mse": 0.4801413457868452,
  "720_mae": 0.326754943371073,
  "config": {
    "enable_supervised_finetuning": true,
    "first_k_layers": 6,
    "patch_len": 16,
    "stride": 8,
    "seq_len": 512,
    "ft_mode": "lp_ft",
    "dropout": 0,
    "token_embed_type": "conv",
    "token_embed_kernel_size": 7,
    "temporal_embed_type": "learned",
    "freq": "t",
    "peft_method": "lora",
    "sft_optim": "AdamW",
    "sft_learning_rate": 0.0006587912666243346,
    "sft_lradj": "warmup",
    "sft_weight_decay": 0.004152985020883332,
    "sft_train_epochs": 10,
    "dft_optim": "AdamW",
    "dft_learning_rate": 2.8559477084934125e-05,
    "dft_lradj": "type1",
    "dft_weight_decay": 1.163853061418773e-05,
    "dft_train_epochs": 5,
    "peft_params_r": 32,
    "peft_params_lora_alpha": 32,
    "peft_params_lora_dropout": 0.01
  }
}