{
  "avg_mse": 0.23497123109867896,
  "avg_mae": 0.27083866676820795,
  "96_mse": 0.15871047432237004,
  "96_mae": 0.20795829865539972,
  "192_mse": 0.2045661680066698,
  "192_mae": 0.24988744428527307,
  "336_mse": 0.2543834175318124,
  "336_mae": 0.28867301886084545,
  "720_mse": 0.3222248645338636,
  "720_mae": 0.33683590527131346,
  "config": {
    "enable_supervised_finetuning": true,
    "first_k_layers": 6,
    "patch_len": 16,
    "stride": 8,
    "seq_len": 512,
    "ft_mode": "lp_ft",
    "dropout": 0,
    "token_embed_type": "conv",
    "token_embed_kernel_size": 7,
    "temporal_embed_type": "learned",
    "freq": "t",
    "peft_method": "lora",
    "sft_optim": "AdamW",
    "sft_learning_rate": 0.0006587912666243346,
    "sft_lradj": "warmup",
    "sft_weight_decay": 0.004152985020883332,
    "sft_train_epochs": 10,
    "dft_optim": "AdamW",
    "dft_learning_rate": 2.8559477084934125e-05,
    "dft_lradj": "type1",
    "dft_weight_decay": 1.163853061418773e-05,
    "dft_train_epochs": 5,
    "peft_params_r": 32,
    "peft_params_lora_alpha": 32,
    "peft_params_lora_dropout": 0.01
  }
}