{
  "avg_mse": 0.1596046181603027,
  "avg_mae": 0.2536694026603774,
  "96_mse": 0.12813662682959626,
  "96_mae": 0.22362288404681788,
  "192_mse": 0.14616833755463982,
  "192_mae": 0.24063030127236645,
  "336_mse": 0.16334813465414055,
  "336_mae": 0.2584188626321883,
  "720_mse": 0.2007653736028341,
  "720_mae": 0.29200556269013705,
  "config": {
    "enable_supervised_finetuning": true,
    "first_k_layers": 6,
    "patch_len": 16,
    "stride": 8,
    "seq_len": 512,
    "ft_mode": "lp_ft",
    "dropout": 0.05,
    "token_embed_type": "conv",
    "token_embed_kernel_size": 7,
    "temporal_embed_type": "learned",
    "freq": "h",
    "peft_method": "lora",
    "sft_optim": "AdamW",
    "sft_learning_rate": 0.002961258205026751,
    "sft_lradj": "type3",
    "sft_weight_decay": 0.0024954851483474424,
    "sft_train_epochs": 5,
    "dft_optim": "AdamW",
    "dft_learning_rate": 8.593348739882271e-05,
    "dft_lradj": "constant",
    "dft_weight_decay": 8.720060884710044e-05,
    "dft_train_epochs": 5,
    "peft_params_r": 32,
    "peft_params_lora_alpha": 32,
    "peft_params_lora_dropout": 0.1
  }
}