{
  "avg_mse": 0.404595475105504,
  "avg_mae": 0.41837801291208365,
  "96_mse": 0.37162686217772334,
  "96_mae": 0.39451182829706294,
  "192_mse": 0.4038821678194735,
  "192_mae": 0.41222142345375484,
  "336_mse": 0.42068295750547857,
  "336_mae": 0.4224090891725877,
  "720_mse": 0.42218991291934044,
  "720_mae": 0.44436971072492926,
  "config": {
    "enable_supervised_finetuning": true,
    "first_k_layers": 6,
    "patch_len": 16,
    "stride": 8,
    "seq_len": 336,
    "ft_mode": "lp_ft",
    "dropout": 0.05,
    "token_embed_type": "conv",
    "token_embed_kernel_size": 3,
    "temporal_embed_type": "learned",
    "freq": "h",
    "peft_method": "lora",
    "sft_optim": "AdamW",
    "sft_learning_rate": 7.912045141879411e-05,
    "sft_lradj": "constant",
    "sft_weight_decay": 0.0005542494992024964,
    "sft_train_epochs": 5,
    "dft_optim": "AdamW",
    "dft_learning_rate": 1.8257759510439175e-05,
    "dft_lradj": "constant",
    "dft_weight_decay": 0.0014555863788252605,
    "dft_train_epochs": 15,
    "peft_params_r": 8,
    "peft_params_lora_alpha": 64,
    "peft_params_lora_dropout": 0
  }
}