{
  "avg_mse": 0.3336903495190831,
  "avg_mae": 0.3831483608868698,
  "96_mse": 0.26913441163732815,
  "96_mae": 0.33234352138089507,
  "192_mse": 0.3289847359010557,
  "192_mae": 0.37771206597487134,
  "336_mse": 0.3534982433314804,
  "336_mae": 0.39661516045494905,
  "720_mse": 0.38314400720646824,
  "720_mae": 0.42592269573676383,
  "config": {
    "enable_supervised_finetuning": true,
    "first_k_layers": 6,
    "patch_len": 16,
    "stride": 8,
    "seq_len": 512,
    "ft_mode": "lp_ft",
    "dropout": 0.05,
    "token_embed_type": "conv",
    "token_embed_kernel_size": 5,
    "temporal_embed_type": "learned",
    "freq": "t",
    "peft_method": "lora",
    "sft_optim": "AdamW",
    "sft_learning_rate": 0.0004329665954491725,
    "sft_lradj": "type1",
    "sft_weight_decay": 0.00023829134317392904,
    "sft_train_epochs": 5,
    "dft_optim": "AdamW",
    "dft_learning_rate": 1.227864012823814e-05,
    "dft_lradj": "type3",
    "dft_weight_decay": 0.008795726505385702,
    "dft_train_epochs": 15,
    "peft_params_r": 8,
    "peft_params_lora_alpha": 64,
    "peft_params_lora_dropout": 0.01
  }
}