{
  "avg_mse": 0.2512851421192321,
  "avg_mae": 0.3135132541831298,
  "96_mse": 0.16537583956065086,
  "96_mae": 0.2546601102997859,
  "192_mse": 0.2205615916422435,
  "192_mae": 0.29232204299081455,
  "336_mse": 0.26833962195699934,
  "336_mae": 0.3261761643776768,
  "720_mse": 0.3508635153170346,
  "720_mae": 0.3808946990642418,
  "config": {
    "enable_supervised_finetuning": true,
    "first_k_layers": 6,
    "patch_len": 16,
    "stride": 8,
    "seq_len": 512,
    "ft_mode": "lp_ft",
    "dropout": 0,
    "token_embed_type": "conv",
    "token_embed_kernel_size": 7,
    "temporal_embed_type": "learned",
    "freq": "t",
    "peft_method": "lora",
    "sft_optim": "AdamW",
    "sft_learning_rate": 0.0006587912666243346,
    "sft_lradj": "warmup",
    "sft_weight_decay": 0.004152985020883332,
    "sft_train_epochs": 10,
    "dft_optim": "AdamW",
    "dft_learning_rate": 2.8559477084934125e-05,
    "dft_lradj": "type1",
    "dft_weight_decay": 1.163853061418773e-05,
    "dft_train_epochs": 5,
    "peft_params_r": 32,
    "peft_params_lora_alpha": 32,
    "peft_params_lora_dropout": 0.01
  }
}