{
  "avg_mse": 0.34293574750920347,
  "avg_mae": 0.37871368049012616,
  "96_mse": 0.2859586432385139,
  "96_mae": 0.34372167088664496,
  "192_mse": 0.32440984418446367,
  "192_mae": 0.36641655010836466,
  "336_mse": 0.35325440019369125,
  "336_mae": 0.38526901122378676,
  "720_mse": 0.4081201024201451,
  "720_mae": 0.41944748974170815,
  "config": {
    "enable_supervised_finetuning": true,
    "first_k_layers": 6,
    "patch_len": 16,
    "stride": 8,
    "seq_len": 512,
    "ft_mode": "lp_ft",
    "dropout": 0,
    "token_embed_type": "conv",
    "token_embed_kernel_size": 7,
    "temporal_embed_type": "learned",
    "freq": "t",
    "peft_method": "lora",
    "sft_optim": "AdamW",
    "sft_learning_rate": 0.0006587912666243346,
    "sft_lradj": "warmup",
    "sft_weight_decay": 0.004152985020883332,
    "sft_train_epochs": 10,
    "dft_optim": "AdamW",
    "dft_learning_rate": 2.8559477084934125e-05,
    "dft_lradj": "type1",
    "dft_weight_decay": 1.163853061418773e-05,
    "dft_train_epochs": 5,
    "peft_params_r": 32,
    "peft_params_lora_alpha": 32,
    "peft_params_lora_dropout": 0.01
  }
}