{
  "avg_mse": 0.4016558447044133,
  "avg_mae": 0.27340921193739504,
  "96_mse": 0.3726588024615495,
  "96_mae": 0.25952800016057975,
  "192_mse": 0.39105753566706847,
  "192_mae": 0.2659919295582739,
  "336_mse": 0.40546211632661094,
  "336_mae": 0.2752185870242315,
  "720_mse": 0.4374449243624243,
  "720_mae": 0.2928983310064949,
  "config": {
    "enable_supervised_finetuning": true,
    "first_k_layers": 6,
    "patch_len": 16,
    "stride": 8,
    "seq_len": 336,
    "ft_mode": "lp_ft",
    "dropout": 0.05,
    "token_embed_type": "conv",
    "token_embed_kernel_size": 5,
    "temporal_embed_type": "learned",
    "freq": "t",
    "peft_method": "lora",
    "sft_optim": "AdamW",
    "sft_learning_rate": 9.246234676674871e-05,
    "sft_lradj": "constant",
    "sft_weight_decay": 0.0002080276016465926,
    "sft_train_epochs": 3,
    "dft_optim": "AdamW",
    "dft_learning_rate": 2.397663767855072e-05,
    "dft_lradj": "type1",
    "dft_weight_decay": 0.001996259510442195,
    "dft_train_epochs": 5,
    "peft_params_r": 32,
    "peft_params_lora_alpha": 64,
    "peft_params_lora_dropout": 0
  }
}