{
  "avg_mse": 0.22367991229100498,
  "avg_mae": 0.2604551366416404,
  "96_mse": 0.14768949380388188,
  "96_mae": 0.19669907371226314,
  "192_mse": 0.19161255181029016,
  "192_mae": 0.238091575596833,
  "336_mse": 0.24188374050638892,
  "336_mae": 0.2777469868473174,
  "720_mse": 0.3135338630434589,
  "720_mae": 0.329282910410148,
  "config": {
    "enable_supervised_finetuning": true,
    "first_k_layers": 6,
    "patch_len": 16,
    "stride": 8,
    "seq_len": 512,
    "ft_mode": "lp_ft",
    "dropout": 0,
    "token_embed_type": "conv",
    "token_embed_kernel_size": 7,
    "temporal_embed_type": "learned",
    "freq": "t",
    "peft_method": "lora",
    "sft_optim": "AdamW",
    "sft_learning_rate": 0.0006587912666243346,
    "sft_lradj": "warmup",
    "sft_weight_decay": 0.004152985020883332,
    "sft_train_epochs": 10,
    "dft_optim": "AdamW",
    "dft_learning_rate": 2.8559477084934125e-05,
    "dft_lradj": "type1",
    "dft_weight_decay": 1.163853061418773e-05,
    "dft_train_epochs": 5,
    "peft_params_r": 32,
    "peft_params_lora_alpha": 32,
    "peft_params_lora_dropout": 0.01
  }
}