{
  "w/ LP/avg_mse": 0.5309157789549867,
  "w/ LP/avg_mae": 0.49628133409933134,
  "w/ LP/96_mse": 0.4200222045183182,
  "w/ LP/96_mae": 0.433258698174828,
  "w/ LP/192_mse": 0.455323186599546,
  "w/ LP/192_mae": 0.4549119240707821,
  "w/ LP/336_mse": 0.5113077102338567,
  "w/ LP/336_mae": 0.507017978850533,
  "w/ LP/720_mse": 0.7370100144682259,
  "w/ LP/720_mae": 0.5899367353011822,
  "config": {
    "enable_supervised_finetuning": true,
    "first_k_layers": 6,
    "patch_len": 16,
    "stride": 8,
    "seq_len": 512,
    "ft_mode": "lp",
    "dropout": 0.1,
    "token_embed_type": "conv",
    "token_embed_kernel_size": 7,
    "temporal_embed_type": "learned",
    "freq": "t",
    "peft_method": "adalora",
    "sft_optim": "AdamW",
    "sft_learning_rate": 0.0014838277734676884,
    "sft_lradj": "constant",
    "sft_weight_decay": 0.0013331487231159165,
    "sft_train_epochs": 10,
    "dft_optim": "AdamW",
    "dft_learning_rate": 9.776360476482794e-05,
    "dft_lradj": "constant",
    "dft_weight_decay": 2.8696003883523563e-05,
    "dft_train_epochs": 10,
    "peft_params_r": 16,
    "peft_params_lora_alpha": 32,
    "peft_params_lora_dropout": 0.1
  }
}