{
  "w/o Temp/avg_mse": 0.5291693180891133,
  "w/o Temp/avg_mae": 0.49808378676335785,
  "w/o Temp/96_mse": 0.4224777017769061,
  "w/o Temp/96_mae": 0.4347051021299864,
  "w/o Temp/192_mse": 0.4632568326261308,
  "w/o Temp/192_mae": 0.4653799376553959,
  "w/o Temp/336_mse": 0.5166722387075424,
  "w/o Temp/336_mae": 0.5081914032206816,
  "w/o Temp/720_mse": 0.7142704992458738,
  "w/o Temp/720_mae": 0.5840587040473675,
  "config": {
    "enable_supervised_finetuning": true,
    "first_k_layers": 6,
    "patch_len": 16,
    "stride": 8,
    "seq_len": 512,
    "ft_mode": "lp_ft",
    "dropout": 0.1,
    "token_embed_type": "conv",
    "token_embed_kernel_size": 7,
    "temporal_embed_type": "none",
    "freq": "t",
    "peft_method": "adalora",
    "sft_optim": "AdamW",
    "sft_learning_rate": 0.0014838277734676884,
    "sft_lradj": "constant",
    "sft_weight_decay": 0.0013331487231159165,
    "sft_train_epochs": 10,
    "dft_optim": "AdamW",
    "dft_learning_rate": 9.776360476482794e-05,
    "dft_lradj": "constant",
    "dft_weight_decay": 2.8696003883523563e-05,
    "dft_train_epochs": 10,
    "peft_params_r": 16,
    "peft_params_lora_alpha": 32,
    "peft_params_lora_dropout": 0.1
  }
}