{
  "w/o SFT/avg_mse": 0.5549458877034458,
  "w/o SFT/avg_mae": 0.5024389364001858,
  "w/o SFT/96_mse": 0.43092299919379384,
  "w/o SFT/96_mae": 0.4386895604823765,
  "w/o SFT/192_mse": 0.48811978846788406,
  "w/o SFT/192_mae": 0.47489838384919697,
  "w/o SFT/336_mse": 0.5383511238238391,
  "w/o SFT/336_mae": 0.5066761523485184,
  "w/o SFT/720_mse": 0.762389639328266,
  "w/o SFT/720_mae": 0.5894916489206511,
  "config": {
    "enable_supervised_finetuning": false,
    "first_k_layers": 6,
    "patch_len": 16,
    "stride": 8,
    "seq_len": 512,
    "ft_mode": "lp_ft",
    "dropout": 0.1,
    "token_embed_type": "conv",
    "token_embed_kernel_size": 7,
    "temporal_embed_type": "learned",
    "freq": "t",
    "peft_method": "adalora",
    "sft_optim": "AdamW",
    "sft_learning_rate": 0.0014838277734676884,
    "sft_lradj": "constant",
    "sft_weight_decay": 0.0013331487231159165,
    "sft_train_epochs": 10,
    "dft_optim": "AdamW",
    "dft_learning_rate": 9.776360476482794e-05,
    "dft_lradj": "constant",
    "dft_weight_decay": 2.8696003883523563e-05,
    "dft_train_epochs": 10,
    "peft_params_r": 16,
    "peft_params_lora_alpha": 32,
    "peft_params_lora_dropout": 0.1
  }
}