{
  "w/ FT/avg_mse": 0.547840612445316,
  "w/ FT/avg_mae": 0.5064623653192499,
  "w/ FT/96_mse": 0.42390422444594533,
  "w/ FT/96_mae": 0.43688264724455383,
  "w/ FT/192_mse": 0.4776424343387286,
  "w/ FT/192_mae": 0.4743239175942209,
  "w/ FT/336_mse": 0.5459943694226882,
  "w/ FT/336_mae": 0.5249937658800798,
  "w/ FT/720_mse": 0.743821421573902,
  "w/ FT/720_mae": 0.5896491305581455,
  "config": {
    "enable_supervised_finetuning": true,
    "first_k_layers": 6,
    "patch_len": 16,
    "stride": 8,
    "seq_len": 512,
    "ft_mode": "ft",
    "dropout": 0.1,
    "token_embed_type": "conv",
    "token_embed_kernel_size": 7,
    "temporal_embed_type": "learned",
    "freq": "t",
    "peft_method": "adalora",
    "sft_optim": "AdamW",
    "sft_learning_rate": 0.0014838277734676884,
    "sft_lradj": "constant",
    "sft_weight_decay": 0.0013331487231159165,
    "sft_train_epochs": 10,
    "dft_optim": "AdamW",
    "dft_learning_rate": 9.776360476482794e-05,
    "dft_lradj": "constant",
    "dft_weight_decay": 2.8696003883523563e-05,
    "dft_train_epochs": 10,
    "peft_params_r": 16,
    "peft_params_lora_alpha": 32,
    "peft_params_lora_dropout": 0.1
  }
}