{
  "avg_mse": 0.1730417352691438,
  "avg_mae": 0.26637881421880655,
  "96_mse": 0.13985414700174198,
  "96_mae": 0.2359702680133389,
  "192_mse": 0.15532581101870896,
  "192_mae": 0.24974770207705926,
  "336_mse": 0.17468783538396357,
  "336_mae": 0.26935303123359505,
  "720_mse": 0.2222991476721606,
  "720_mae": 0.31044425555123295,
  "config": {
    "enable_supervised_finetuning": true,
    "first_k_layers": 6,
    "patch_len": 16,
    "stride": 8,
    "seq_len": 512,
    "ft_mode": "lp_ft",
    "dropout": 0,
    "token_embed_type": "conv",
    "token_embed_kernel_size": 7,
    "temporal_embed_type": "learned",
    "freq": "t",
    "peft_method": "lora",
    "sft_optim": "AdamW",
    "sft_learning_rate": 0.0006587912666243346,
    "sft_lradj": "warmup",
    "sft_weight_decay": 0.004152985020883332,
    "sft_train_epochs": 10,
    "dft_optim": "AdamW",
    "dft_learning_rate": 2.8559477084934125e-05,
    "dft_lradj": "type1",
    "dft_weight_decay": 1.163853061418773e-05,
    "dft_train_epochs": 5,
    "peft_params_r": 32,
    "peft_params_lora_alpha": 32,
    "peft_params_lora_dropout": 0.01
  }
}