{
  "avg_mse": 0.3593347850311559,
  "avg_mae": 0.40542498352437456,
  "96_mse": 0.3140943417521684,
  "96_mae": 0.3756436850679548,
  "192_mse": 0.3658379280851001,
  "192_mae": 0.408174221106127,
  "336_mse": 0.3980720852561992,
  "336_mae": 0.4324570443990419,
  "config": {
    "enable_supervised_finetuning": true,
    "first_k_layers": 6,
    "patch_len": 16,
    "stride": 8,
    "seq_len": 512,
    "ft_mode": "lp_ft",
    "dropout": 0.05,
    "token_embed_type": "conv",
    "token_embed_kernel_size": 3,
    "temporal_embed_type": "learned",
    "freq": "h",
    "peft_method": "lora",
    "sft_optim": "AdamW",
    "sft_learning_rate": 0.00463439458692088,
    "sft_lradj": "type3",
    "sft_weight_decay": 0.0029934177891999094,
    "sft_train_epochs": 10,
    "dft_optim": "AdamW",
    "dft_learning_rate": 0.0008428217323636276,
    "dft_lradj": "type3",
    "dft_weight_decay": 0.00023078648948777515,
    "dft_train_epochs": 5,
    "peft_params_r": 8,
    "peft_params_lora_alpha": 32,
    "peft_params_lora_dropout": 0.2
  }
}