{
  "avg_mse": 0.6517747566218635,
  "avg_mae": 0.552009147490299,
  "96_mse": 0.5091448755640733,
  "96_mae": 0.4848005669681649,
  "192_mse": 0.717340866927387,
  "192_mae": 0.5817653703040817,
  "336_mse": 0.7288385273741304,
  "336_mae": 0.5894615051986503,
  "config": {
    "enable_supervised_finetuning": true,
    "first_k_layers": 6,
    "patch_len": 16,
    "stride": 8,
    "seq_len": 512,
    "ft_mode": "lp_ft",
    "dropout": 0.2,
    "token_embed_type": "conv",
    "token_embed_kernel_size": 7,
    "temporal_embed_type": "learned",
    "freq": "t",
    "peft_method": "adalora",
    "sft_optim": "AdamW",
    "sft_learning_rate": 0.0008977618904234359,
    "sft_lradj": "type3",
    "sft_weight_decay": 9.00736499514127e-05,
    "sft_train_epochs": 5,
    "dft_optim": "AdamW",
    "dft_learning_rate": 0.00037183848720322897,
    "dft_lradj": "warmup",
    "dft_weight_decay": 0.0005167239790985688,
    "dft_train_epochs": 15,
    "peft_params_r": 16,
    "peft_params_lora_alpha": 16,
    "peft_params_lora_dropout": 0.01
  }
}