{
  "avg_mse": 0.4129955238929678,
  "avg_mae": 0.41757456760264083,
  "96_mse": 0.3492803602742079,
  "96_mae": 0.37922345233173704,
  "192_mse": 0.3744124431819061,
  "192_mae": 0.39420419057563355,
  "336_mse": 0.4119301780497384,
  "336_mae": 0.41723850627967846,
  "720_mse": 0.5163591140660189,
  "720_mae": 0.47963212122351434,
  "config": {
    "enable_supervised_finetuning": true,
    "first_k_layers": 6,
    "patch_len": 16,
    "stride": 8,
    "seq_len": 336,
    "ft_mode": "lp_ft",
    "dropout": 0.15,
    "token_embed_type": "conv",
    "token_embed_kernel_size": 7,
    "temporal_embed_type": "learned",
    "freq": "t",
    "peft_method": "lora",
    "sft_optim": "AdamW",
    "sft_learning_rate": 0.0014254794512505988,
    "sft_lradj": "type3",
    "sft_weight_decay": 0.0013882401969567406,
    "sft_train_epochs": 5,
    "dft_optim": "AdamW",
    "dft_learning_rate": 1.456048810138906e-05,
    "dft_lradj": "warmup",
    "dft_weight_decay": 0.00012182825071187053,
    "dft_train_epochs": 15,
    "peft_params_r": 8,
    "peft_params_lora_alpha": 32,
    "peft_params_lora_dropout": 0.01
  }
}