{
  "avg_mse": 0.2862211482064806,
  "avg_mae": 0.33263397352829893,
  "96_mse": 0.19228354337601325,
  "96_mae": 0.273645885145435,
  "192_mse": 0.24913822762764892,
  "192_mae": 0.3093143456748554,
  "336_mse": 0.3011840900994445,
  "336_mae": 0.3420091030236922,
  "720_mse": 0.40227873172281553,
  "720_mae": 0.40556656026921306,
  "config": {
    "enable_supervised_finetuning": true,
    "first_k_layers": 6,
    "patch_len": 16,
    "stride": 8,
    "seq_len": 336,
    "ft_mode": "lp_ft",
    "dropout": 0.2,
    "token_embed_type": "conv",
    "token_embed_kernel_size": 7,
    "temporal_embed_type": "learned",
    "freq": "h",
    "peft_method": "lora",
    "sft_optim": "AdamW",
    "sft_learning_rate": 9.103983326841708e-05,
    "sft_lradj": "constant",
    "sft_weight_decay": 1.9523009641050137e-05,
    "sft_train_epochs": 10,
    "dft_optim": "AdamW",
    "dft_learning_rate": 0.0015298792920727755,
    "dft_lradj": "type1",
    "dft_weight_decay": 0.0007239045524346014,
    "dft_train_epochs": 5,
    "peft_params_r": 32,
    "peft_params_lora_alpha": 32,
    "peft_params_lora_dropout": 0.2
  }
}