{
  "avg_mse": 0.4189952636989563,
  "avg_mae": 0.2956442037135309,
  "96_mse": 0.4018342090304455,
  "96_mae": 0.2852768277145826,
  "192_mse": 0.41833095912979035,
  "192_mae": 0.2934198833169432,
  "336_mse": 0.43682062293663315,
  "336_mae": 0.3082359001090669,
  "config": {
    "enable_supervised_finetuning": true,
    "first_k_layers": 6,
    "patch_len": 16,
    "stride": 8,
    "seq_len": 512,
    "ft_mode": "lp_ft",
    "dropout": 0.05,
    "token_embed_type": "conv",
    "token_embed_kernel_size": 7,
    "temporal_embed_type": "learned",
    "freq": "h",
    "peft_method": "lora",
    "sft_optim": "AdamW",
    "sft_learning_rate": 0.002961258205026751,
    "sft_lradj": "type3",
    "sft_weight_decay": 0.0024954851483474424,
    "sft_train_epochs": 5,
    "dft_optim": "AdamW",
    "dft_learning_rate": 8.593348739882271e-05,
    "dft_lradj": "constant",
    "dft_weight_decay": 8.720060884710044e-05,
    "dft_train_epochs": 5,
    "peft_params_r": 32,
    "peft_params_lora_alpha": 32,
    "peft_params_lora_dropout": 0.1
  }
}