{
  "avg_mse": 0.25624072842739404,
  "avg_mae": 0.2925444164325979,
  "96_mse": 0.17372342500720397,
  "96_mae": 0.22787300341583733,
  "192_mse": 0.21881220967420495,
  "192_mae": 0.2657165223788569,
  "336_mse": 0.2767625668819375,
  "336_mae": 0.3103517231797374,
  "720_mse": 0.3556647121462298,
  "720_mae": 0.3662364167559598,
  "config": {
    "enable_supervised_finetuning": true,
    "first_k_layers": 6,
    "patch_len": 16,
    "stride": 8,
    "seq_len": 336,
    "ft_mode": "lp_ft",
    "dropout": 0.15,
    "token_embed_type": "conv",
    "token_embed_kernel_size": 7,
    "temporal_embed_type": "learned",
    "freq": "t",
    "peft_method": "lora",
    "sft_optim": "AdamW",
    "sft_learning_rate": 0.0014254794512505988,
    "sft_lradj": "type3",
    "sft_weight_decay": 0.0013882401969567406,
    "sft_train_epochs": 5,
    "dft_optim": "AdamW",
    "dft_learning_rate": 1.456048810138906e-05,
    "dft_lradj": "warmup",
    "dft_weight_decay": 0.00012182825071187053,
    "dft_train_epochs": 15,
    "peft_params_r": 8,
    "peft_params_lora_alpha": 32,
    "peft_params_lora_dropout": 0.01
  }
}