{
  "w/ FT/avg_mse": 0.4040784662690934,
  "w/ FT/avg_mae": 0.4189475368814515,
  "w/ FT/96_mse": 0.3710692760191466,
  "w/ FT/96_mae": 0.3944097710283179,
  "w/ FT/192_mse": 0.40437455682290924,
  "w/ FT/192_mae": 0.4134441771441036,
  "w/ FT/336_mse": 0.4202580320484498,
  "w/ FT/336_mae": 0.4231886907535441,
  "w/ FT/720_mse": 0.42061200018586786,
  "w/ FT/720_mae": 0.44474750859984036,
  "config": {
    "enable_supervised_finetuning": true,
    "first_k_layers": 6,
    "patch_len": 16,
    "stride": 8,
    "seq_len": 336,
    "ft_mode": "ft",
    "dropout": 0.05,
    "token_embed_type": "conv",
    "token_embed_kernel_size": 3,
    "temporal_embed_type": "learned",
    "freq": "h",
    "peft_method": "lora",
    "sft_optim": "AdamW",
    "sft_learning_rate": 7.912045141879411e-05,
    "sft_lradj": "constant",
    "sft_weight_decay": 0.0005542494992024964,
    "sft_train_epochs": 5,
    "dft_optim": "AdamW",
    "dft_learning_rate": 1.8257759510439175e-05,
    "dft_lradj": "constant",
    "dft_weight_decay": 0.0014555863788252605,
    "dft_train_epochs": 15,
    "peft_params_r": 8,
    "peft_params_lora_alpha": 64,
    "peft_params_lora_dropout": 0
  }
}