{
  "w/o Temp/avg_mse": 0.41659387801132713,
  "w/o Temp/avg_mae": 0.42553263869106833,
  "w/o Temp/96_mse": 0.37862489450919,
  "w/o Temp/96_mae": 0.39735841202108485,
  "w/o Temp/192_mse": 0.4111339474717776,
  "w/o Temp/192_mae": 0.4165892435444726,
  "w/o Temp/336_mse": 0.433856383404311,
  "w/o Temp/336_mae": 0.43068647296989665,
  "w/o Temp/720_mse": 0.44276028666003,
  "w/o Temp/720_mae": 0.4574964262288192,
  "config": {
    "enable_supervised_finetuning": true,
    "first_k_layers": 6,
    "patch_len": 16,
    "stride": 8,
    "seq_len": 336,
    "ft_mode": "lp_ft",
    "dropout": 0.05,
    "token_embed_type": "conv",
    "token_embed_kernel_size": 3,
    "temporal_embed_type": "none",
    "freq": "h",
    "peft_method": "lora",
    "sft_optim": "AdamW",
    "sft_learning_rate": 7.912045141879411e-05,
    "sft_lradj": "constant",
    "sft_weight_decay": 0.0005542494992024964,
    "sft_train_epochs": 5,
    "dft_optim": "AdamW",
    "dft_learning_rate": 1.8257759510439175e-05,
    "dft_lradj": "constant",
    "dft_weight_decay": 0.0014555863788252605,
    "dft_train_epochs": 15,
    "peft_params_r": 8,
    "peft_params_lora_alpha": 64,
    "peft_params_lora_dropout": 0
  }
}