{
  "w/o SFT/avg_mse": 0.4059136984196724,
  "w/o SFT/avg_mae": 0.4196452624467826,
  "w/o SFT/96_mse": 0.37221683797083405,
  "w/o SFT/96_mae": 0.39510199427604675,
  "w/o SFT/192_mse": 0.40428175777196884,
  "w/o SFT/192_mae": 0.411007531815105,
  "w/o SFT/336_mse": 0.4228590573458111,
  "w/o SFT/336_mae": 0.42390817403793335,
  "w/o SFT/720_mse": 0.4242971405900758,
  "w/o SFT/720_mae": 0.4485633496580453,
  "config": {
    "enable_supervised_finetuning": false,
    "first_k_layers": 6,
    "patch_len": 16,
    "stride": 8,
    "seq_len": 336,
    "ft_mode": "lp_ft",
    "dropout": 0.05,
    "token_embed_type": "conv",
    "token_embed_kernel_size": 3,
    "temporal_embed_type": "learned",
    "freq": "h",
    "peft_method": "lora",
    "sft_optim": "AdamW",
    "sft_learning_rate": 7.912045141879411e-05,
    "sft_lradj": "constant",
    "sft_weight_decay": 0.0005542494992024964,
    "sft_train_epochs": 5,
    "dft_optim": "AdamW",
    "dft_learning_rate": 1.8257759510439175e-05,
    "dft_lradj": "constant",
    "dft_weight_decay": 0.0014555863788252605,
    "dft_train_epochs": 15,
    "peft_params_r": 8,
    "peft_params_lora_alpha": 64,
    "peft_params_lora_dropout": 0
  }
}