{
  "w/ LP/avg_mse": 0.4106562138135688,
  "w/ LP/avg_mae": 0.4219597279435555,
  "w/ LP/96_mse": 0.3778376238126504,
  "w/ LP/96_mae": 0.39833269229060725,
  "w/ LP/192_mse": 0.41086429730057716,
  "w/ LP/192_mae": 0.41685105363527936,
  "w/ LP/336_mse": 0.42610518765800137,
  "w/ LP/336_mae": 0.4248685941976659,
  "w/ LP/720_mse": 0.42781774648304643,
  "w/ LP/720_mae": 0.4477865716506695,
  "config": {
    "enable_supervised_finetuning": true,
    "first_k_layers": 6,
    "patch_len": 16,
    "stride": 8,
    "seq_len": 336,
    "ft_mode": "lp",
    "dropout": 0.05,
    "token_embed_type": "conv",
    "token_embed_kernel_size": 3,
    "temporal_embed_type": "learned",
    "freq": "h",
    "peft_method": "lora",
    "sft_optim": "AdamW",
    "sft_learning_rate": 7.912045141879411e-05,
    "sft_lradj": "constant",
    "sft_weight_decay": 0.0005542494992024964,
    "sft_train_epochs": 5,
    "dft_optim": "AdamW",
    "dft_learning_rate": 1.8257759510439175e-05,
    "dft_lradj": "constant",
    "dft_weight_decay": 0.0014555863788252605,
    "dft_train_epochs": 15,
    "peft_params_r": 8,
    "peft_params_lora_alpha": 64,
    "peft_params_lora_dropout": 0
  }
}